{
  "version_tag": "v1",
  "test_samples": 1505,
  "temperature_T": 2.2015671730041504,
  "accuracy": 0.8777408637873754,
  "macro_f1": 0.7953288987435329,
  "ece_raw": 0.07303110028422155,
  "ece_calibrated": 0.031445162914124025,
  "per_class": {
    "benign": {
      "precision": 0.915526950925181,
      "recall": 0.9350862777321282,
      "f1-score": 0.9252032520325203,
      "support": 1217.0
    },
    "malignant": {
      "precision": 0.6984732824427481,
      "recall": 0.6354166666666666,
      "f1-score": 0.6654545454545454,
      "support": 288.0
    }
  }
}