{
  "version_tag": "vit_v3",
  "test_samples": 1505,
  "temperature_T": 0.6646267175674438,
  "dx_labels": [
    "akiec",
    "bcc",
    "bkl",
    "df",
    "mel",
    "nv",
    "vasc"
  ],
  "malignant_class_indices": [
    0,
    1,
    4
  ],
  "seven_class": {
    "accuracy": 0.5368770764119601,
    "macro_f1": 0.5226481009335142,
    "per_class": {
      "akiec": {
        "precision": 0.4878048780487805,
        "recall": 0.4878048780487805,
        "f1-score": 0.4878048780487805,
        "support": 41.0
      },
      "bcc": {
        "precision": 0.5945945945945946,
        "recall": 0.7951807228915663,
        "f1-score": 0.6804123711340206,
        "support": 83.0
      },
      "bkl": {
        "precision": 0.5406698564593302,
        "recall": 0.6975308641975309,
        "f1-score": 0.6091644204851752,
        "support": 162.0
      },
      "df": {
        "precision": 0.058165548098434,
        "recall": 0.8125,
        "f1-score": 0.10855949895615867,
        "support": 32.0
      },
      "mel": {
        "precision": 0.5254237288135594,
        "recall": 0.5670731707317073,
        "f1-score": 0.5454545454545454,
        "support": 164.0
      },
      "nv": {
        "precision": 0.9833333333333333,
        "recall": 0.47105788423153694,
        "f1-score": 0.6369770580296896,
        "support": 1002.0
      },
      "vasc": {
        "precision": 0.45,
        "recall": 0.8571428571428571,
        "f1-score": 0.5901639344262295,
        "support": 21.0
      }
    }
  },
  "binary_collapse": {
    "accuracy": 0.8744186046511628,
    "macro_f1": 0.7952055144647423,
    "ece_raw": 0.0827292847870988,
    "ece_calibrated": 0.025591786478048946,
    "ece_target": 0.05,
    "phase1_pass": true,
    "per_class": {
      "benign": {
        "precision": 0.9199346405228758,
        "recall": 0.9252259654889071,
        "f1-score": 0.9225727160999591,
        "support": 1217.0
      },
      "malignant": {
        "precision": 0.6761565836298933,
        "recall": 0.6597222222222222,
        "f1-score": 0.6678383128295254,
        "support": 288.0
      }
    }
  }
}